,id,label
0,0,malicious
1,1,benign
2,2,benign
3,3,malicious
4,4,malicious
5,5,malicious
6,6,benign
7,7,benign
8,8,malicious
9,9,benign
10,10,benign
11,11,malicious
12,12,benign
13,13,benign
14,14,benign
15,15,malicious
16,16,benign
17,17,benign
18,18,benign
19,19,benign
20,20,malicious
21,21,malicious
22,22,benign
23,23,malicious
24,24,benign
25,25,benign
26,26,benign
27,27,benign
28,28,benign
29,29,benign
30,30,malicious
31,31,benign
32,32,benign
33,33,malicious
34,34,malicious
35,35,benign
36,36,malicious
37,37,malicious
38,38,benign
39,39,malicious
40,40,benign
41,41,malicious
42,42,malicious
43,43,benign
44,44,benign
45,45,benign
46,46,benign
47,47,benign
48,48,benign
49,49,malicious
50,50,benign
51,51,malicious
52,52,malicious
53,53,benign
54,54,benign
55,55,benign
56,56,benign
57,57,malicious
58,58,malicious
59,59,malicious
60,60,malicious
61,61,malicious
62,62,benign
63,63,benign
64,64,benign
65,65,benign
66,66,benign
67,67,malicious
68,68,benign
69,69,malicious
70,70,malicious
71,71,malicious
72,72,malicious
73,73,benign
74,74,malicious
75,75,benign
76,76,benign
77,77,benign
78,78,malicious
79,79,benign
80,80,benign
81,81,malicious
82,82,malicious
83,83,malicious
84,84,malicious
85,85,benign
86,86,benign
87,87,benign
88,88,benign
89,89,benign
90,90,malicious
91,91,malicious
92,92,benign
93,93,benign
94,94,malicious
95,95,benign
96,96,benign
97,97,benign
98,98,benign
99,99,benign
100,100,benign
101,101,benign
102,102,benign
103,103,benign
104,104,malicious
105,105,benign
106,106,benign
107,107,benign
108,108,malicious
109,109,benign
110,110,malicious
111,111,benign
112,112,benign
113,113,malicious
114,114,benign
115,115,benign
116,116,benign
117,117,benign
118,118,malicious
119,119,malicious
120,120,malicious
121,121,malicious
122,122,malicious
123,123,malicious
124,124,benign
125,125,benign
126,126,malicious
127,127,malicious
128,128,malicious
129,129,malicious
130,130,benign
131,131,benign
132,132,benign
133,133,benign
134,134,benign
135,135,benign
136,136,malicious
137,137,malicious
138,138,benign
139,139,benign
140,140,malicious
141,141,malicious
142,142,malicious
143,143,malicious
144,144,benign
145,145,malicious
146,146,malicious
147,147,benign
148,148,benign
149,149,benign
150,150,benign
151,151,malicious
152,152,benign
153,153,benign
154,154,benign
155,155,malicious
156,156,benign
157,157,benign
158,158,benign
159,159,malicious
160,160,benign
161,161,benign
162,162,malicious
163,163,benign
164,164,malicious
165,165,benign
166,166,benign
167,167,benign
168,168,benign
169,169,benign
170,170,benign
171,171,benign
172,172,benign
173,173,benign
174,174,malicious
175,175,benign
176,176,malicious
177,177,malicious
178,178,benign
179,179,benign
180,180,benign
181,181,malicious
182,182,benign
183,183,malicious
184,184,benign
185,185,malicious
186,186,malicious
187,187,benign
188,188,malicious
189,189,benign
190,190,malicious
191,191,malicious
192,192,benign
193,193,benign
194,194,benign
195,195,benign
196,196,benign
197,197,benign
198,198,malicious
199,199,malicious
200,200,benign
201,201,benign
202,202,benign
203,203,malicious
204,204,benign
205,205,malicious
206,206,benign
207,207,benign
208,208,malicious
209,209,malicious
210,210,malicious
211,211,benign
212,212,benign
213,213,benign
214,214,malicious
215,215,benign
216,216,malicious
217,217,malicious
218,218,benign
219,219,benign
220,220,benign
221,221,benign
222,222,malicious
223,223,benign
224,224,benign
225,225,benign
226,226,malicious
227,227,malicious
228,228,benign
229,229,benign
230,230,benign
231,231,malicious
232,232,benign
233,233,benign
234,234,benign
235,235,benign
236,236,malicious
237,237,malicious
238,238,malicious
239,239,benign
240,240,benign
241,241,benign
242,242,malicious
243,243,malicious
244,244,malicious
245,245,malicious
246,246,benign
247,247,benign
248,248,malicious
249,249,benign
250,250,malicious
251,251,benign
252,252,malicious
253,253,malicious
254,254,malicious
255,255,benign
256,256,benign
257,257,benign
258,258,malicious
259,259,malicious
260,260,benign
261,261,benign
262,262,malicious
263,263,malicious
264,264,malicious
265,265,malicious
266,266,benign
267,267,benign
268,268,malicious
269,269,malicious
270,270,malicious
271,271,benign
272,272,malicious
273,273,benign
274,274,malicious
275,275,malicious
276,276,malicious
277,277,benign
278,278,malicious
279,279,benign
280,280,benign
281,281,malicious
282,282,malicious
283,283,malicious
284,284,malicious
285,285,malicious
286,286,benign
287,287,benign
288,288,benign
289,289,malicious
290,290,malicious
291,291,benign
292,292,malicious
293,293,benign
294,294,benign
295,295,malicious
296,296,malicious
297,297,benign
298,298,benign
299,299,malicious
300,300,benign
301,301,malicious
302,302,malicious
303,303,malicious
304,304,benign
305,305,malicious
306,306,malicious
307,307,malicious
308,308,malicious
309,309,benign
310,310,malicious
311,311,benign
312,312,benign
313,313,malicious
314,314,malicious
315,315,benign
316,316,malicious
317,317,malicious
318,318,malicious
319,319,malicious
320,320,benign
321,321,malicious
322,322,malicious
323,323,benign
324,324,malicious
325,325,malicious
326,326,benign
327,327,malicious
328,328,malicious
329,329,malicious
330,330,malicious
331,331,malicious
332,332,benign
333,333,malicious
334,334,malicious
335,335,malicious
336,336,malicious
337,337,benign
338,338,benign
339,339,benign
340,340,benign
341,341,benign
342,342,malicious
343,343,benign
344,344,malicious
345,345,malicious
346,346,benign
347,347,malicious
348,348,benign
349,349,benign
350,350,malicious
351,351,benign
352,352,malicious
353,353,malicious
354,354,malicious
355,355,malicious
356,356,malicious
357,357,benign
358,358,malicious
359,359,malicious
360,360,malicious
361,361,malicious
362,362,malicious
363,363,malicious
364,364,benign
365,365,benign
366,366,malicious
367,367,benign
368,368,benign
369,369,benign
370,370,malicious
371,371,malicious
372,372,malicious
373,373,benign
374,374,benign
375,375,malicious
376,376,malicious
377,377,benign
378,378,malicious
379,379,benign
380,380,benign
381,381,benign
382,382,malicious
383,383,benign
384,384,benign
385,385,benign
386,386,malicious
387,387,malicious
388,388,benign
389,389,malicious
390,390,benign
391,391,malicious
392,392,benign
393,393,malicious
394,394,malicious
395,395,benign
396,396,malicious
397,397,malicious
398,398,benign
399,399,benign
400,400,benign
401,401,benign
402,402,benign
403,403,benign
404,404,malicious
405,405,benign
406,406,benign
407,407,benign
408,408,benign
409,409,benign
410,410,benign
411,411,malicious
412,412,benign
413,413,malicious
414,414,malicious
415,415,benign
416,416,benign
417,417,benign
418,418,malicious
419,419,malicious
420,420,benign
421,421,benign
422,422,benign
423,423,malicious
424,424,benign
425,425,benign
426,426,benign
427,427,benign
428,428,benign
429,429,benign
430,430,benign
431,431,malicious
432,432,benign
433,433,malicious
434,434,benign
435,435,benign
436,436,malicious
437,437,malicious
438,438,benign
439,439,malicious
440,440,malicious
441,441,benign
442,442,malicious
443,443,malicious
444,444,malicious
445,445,malicious
446,446,malicious
447,447,malicious
448,448,malicious
449,449,malicious
450,450,malicious
451,451,benign
452,452,benign
453,453,benign
454,454,malicious
455,455,malicious
456,456,benign
457,457,benign
458,458,benign
459,459,benign
460,460,malicious
461,461,malicious
462,462,benign
463,463,benign
464,464,benign
465,465,benign
466,466,malicious
467,467,benign
468,468,benign
469,469,malicious
470,470,malicious
471,471,benign
472,472,malicious
473,473,benign
474,474,benign
475,475,malicious
476,476,malicious
477,477,benign
478,478,benign
479,479,benign
480,480,malicious
481,481,malicious
482,482,malicious
483,483,malicious
484,484,malicious
485,485,benign
486,486,benign
487,487,benign
488,488,benign
489,489,malicious
490,490,benign
491,491,benign
492,492,malicious
493,493,benign
494,494,benign
495,495,malicious
496,496,malicious
497,497,benign
498,498,benign
499,499,benign
500,500,malicious
501,501,benign
502,502,benign
503,503,benign
504,504,benign
505,505,malicious
506,506,benign
507,507,benign
508,508,benign
509,509,malicious
510,510,benign
511,511,malicious
512,512,malicious
513,513,benign
514,514,benign
515,515,benign
516,516,malicious
517,517,benign
518,518,malicious
519,519,malicious
520,520,malicious
521,521,malicious
522,522,benign
523,523,malicious
524,524,malicious
525,525,benign
526,526,malicious
527,527,malicious
528,528,malicious
529,529,benign
530,530,malicious
531,531,benign
532,532,benign
533,533,benign
534,534,malicious
535,535,benign
536,536,malicious
537,537,malicious
538,538,malicious
539,539,malicious
540,540,malicious
541,541,benign
542,542,malicious
543,543,malicious
544,544,benign
545,545,benign
546,546,malicious
547,547,benign
548,548,benign
549,549,benign
550,550,benign
551,551,benign
552,552,malicious
553,553,benign
554,554,benign
555,555,malicious
556,556,malicious
557,557,malicious
558,558,benign
559,559,malicious
560,560,malicious
561,561,malicious
562,562,benign
563,563,malicious
564,564,benign
565,565,malicious
566,566,benign
567,567,malicious
568,568,benign
569,569,malicious
570,570,malicious
571,571,malicious
572,572,benign
573,573,malicious
574,574,malicious
575,575,benign
576,576,benign
577,577,benign
578,578,malicious
579,579,benign
580,580,malicious
581,581,malicious
582,582,malicious
583,583,benign
584,584,malicious
585,585,malicious
586,586,benign
587,587,benign
588,588,benign
589,589,benign
590,590,benign
591,591,malicious
592,592,benign
593,593,benign
594,594,benign
595,595,benign
596,596,malicious
597,597,malicious
598,598,benign
599,599,benign
600,600,malicious
601,601,benign
602,602,malicious
603,603,benign
604,604,benign
605,605,benign
606,606,benign
607,607,benign
608,608,malicious
609,609,malicious
610,610,benign
611,611,malicious
612,612,malicious
613,613,benign
614,614,malicious
615,615,benign
616,616,malicious
617,617,malicious
618,618,benign
619,619,malicious
620,620,benign
621,621,malicious
622,622,benign
623,623,malicious
624,624,benign
625,625,malicious
626,626,malicious
627,627,benign
628,628,benign
629,629,benign
630,630,benign
631,631,malicious
632,632,benign
633,633,malicious
634,634,benign
635,635,malicious
636,636,malicious
637,637,malicious
638,638,malicious
639,639,malicious
640,640,malicious
641,641,benign
642,642,malicious
643,643,malicious
644,644,benign
645,645,benign
646,646,malicious
647,647,benign
648,648,malicious
649,649,benign
650,650,benign
651,651,malicious
652,652,benign
653,653,malicious
654,654,benign
655,655,benign
656,656,benign
657,657,benign
658,658,benign
659,659,malicious
660,660,malicious
661,661,benign
662,662,malicious
663,663,benign
664,664,malicious
665,665,benign
666,666,malicious
667,667,malicious
668,668,benign
669,669,malicious
670,670,benign
671,671,malicious
672,672,malicious
673,673,benign
674,674,malicious
675,675,malicious
676,676,benign
677,677,malicious
678,678,malicious
679,679,benign
680,680,malicious
681,681,benign
682,682,malicious
683,683,benign
684,684,benign
685,685,malicious
686,686,malicious
687,687,benign
688,688,benign
689,689,benign
690,690,malicious
691,691,malicious
692,692,benign
693,693,benign
694,694,benign
695,695,malicious
696,696,malicious
697,697,benign
698,698,malicious
699,699,benign
700,700,benign
701,701,malicious
702,702,benign
703,703,benign
704,704,benign
705,705,benign
706,706,malicious
707,707,malicious
708,708,malicious
709,709,malicious
710,710,malicious
711,711,benign
712,712,malicious
713,713,malicious
714,714,benign
715,715,benign
716,716,malicious
717,717,malicious
718,718,malicious
719,719,malicious
720,720,benign
721,721,malicious
722,722,malicious
723,723,benign
724,724,malicious
725,725,malicious
726,726,benign
727,727,malicious
728,728,benign
729,729,malicious
730,730,malicious
731,731,benign
732,732,malicious
733,733,benign
734,734,malicious
735,735,benign
736,736,benign
737,737,benign
738,738,benign
739,739,malicious
740,740,benign
741,741,malicious
742,742,malicious
743,743,benign
744,744,malicious
745,745,benign
746,746,benign
747,747,malicious
748,748,benign
749,749,benign
750,750,benign
751,751,benign
752,752,benign
753,753,benign
754,754,malicious
755,755,malicious
756,756,benign
757,757,malicious
758,758,benign
759,759,malicious
760,760,benign
761,761,malicious
762,762,benign
763,763,malicious
764,764,malicious
765,765,benign
766,766,malicious
767,767,benign
768,768,malicious
769,769,benign
770,770,malicious
771,771,malicious
772,772,malicious
773,773,benign
774,774,malicious
775,775,malicious
776,776,malicious
777,777,malicious
778,778,malicious
779,779,malicious
780,780,benign
781,781,malicious
782,782,malicious
783,783,malicious
784,784,malicious
785,785,malicious
786,786,benign
787,787,malicious
788,788,benign
789,789,malicious
790,790,benign
791,791,malicious
792,792,benign
793,793,malicious
794,794,malicious
795,795,benign
796,796,malicious
797,797,malicious
798,798,malicious
799,799,malicious
800,800,benign
801,801,benign
802,802,benign
803,803,benign
804,804,malicious
805,805,benign
806,806,malicious
807,807,benign
808,808,malicious
809,809,benign
810,810,benign
811,811,benign
812,812,malicious
813,813,malicious
814,814,benign
815,815,benign
816,816,malicious
817,817,malicious
818,818,benign
819,819,benign
820,820,benign
821,821,malicious
822,822,benign
823,823,malicious
824,824,benign
825,825,malicious
826,826,malicious
827,827,malicious
828,828,malicious
829,829,malicious
830,830,malicious
831,831,malicious
832,832,malicious
833,833,benign
834,834,benign
835,835,malicious
836,836,malicious
837,837,benign
838,838,malicious
839,839,malicious
840,840,benign
841,841,malicious
842,842,benign
843,843,benign
844,844,malicious
845,845,benign
846,846,malicious
847,847,malicious
848,848,malicious
849,849,benign
850,850,benign
851,851,malicious
852,852,malicious
853,853,malicious
854,854,malicious
855,855,benign
856,856,malicious
857,857,benign
858,858,benign
859,859,malicious
860,860,malicious
861,861,malicious
862,862,benign
863,863,benign
864,864,malicious
865,865,benign
866,866,benign
867,867,malicious
868,868,malicious
869,869,benign
870,870,benign
871,871,malicious
872,872,malicious
873,873,malicious
874,874,benign
875,875,benign
876,876,malicious
877,877,benign
878,878,benign
879,879,benign
880,880,malicious
881,881,benign
882,882,benign
883,883,malicious
884,884,malicious
885,885,malicious
886,886,benign
887,887,malicious
888,888,benign
889,889,benign
890,890,malicious
891,891,benign
892,892,benign
893,893,benign
894,894,benign
895,895,malicious
896,896,benign
897,897,benign
898,898,benign
899,899,benign
900,900,malicious
901,901,malicious
902,902,malicious
903,903,benign
904,904,benign
905,905,benign
906,906,malicious
907,907,malicious
908,908,malicious
909,909,malicious
910,910,benign
911,911,benign
912,912,malicious
913,913,malicious
914,914,benign
915,915,malicious
916,916,malicious
917,917,malicious
918,918,malicious
919,919,benign
920,920,benign
921,921,malicious
922,922,benign
923,923,benign
924,924,benign
925,925,benign
926,926,malicious
927,927,malicious
928,928,malicious
929,929,malicious
930,930,malicious
931,931,benign
932,932,benign
933,933,malicious
934,934,benign
935,935,malicious
936,936,malicious
937,937,benign
938,938,benign
939,939,malicious
940,940,malicious
941,941,benign
942,942,benign
943,943,malicious
944,944,malicious
945,945,benign
946,946,benign
947,947,malicious
948,948,benign
949,949,malicious
950,950,benign
951,951,benign
952,952,malicious
953,953,benign
954,954,malicious
955,955,benign
956,956,benign
957,957,malicious
958,958,benign
959,959,benign
960,960,benign
961,961,benign
962,962,benign
963,963,benign
964,964,malicious
965,965,benign
966,966,benign
967,967,malicious
968,968,benign
969,969,benign
970,970,malicious
971,971,benign
972,972,benign
973,973,benign
974,974,benign
975,975,malicious
976,976,malicious
977,977,benign
978,978,benign
979,979,malicious
980,980,benign
981,981,malicious
982,982,benign
983,983,malicious
984,984,benign
985,985,malicious
986,986,benign
987,987,malicious
988,988,malicious
989,989,malicious
990,990,benign
991,991,benign
992,992,benign
993,993,malicious
994,994,benign
995,995,malicious
996,996,benign
997,997,malicious
998,998,benign
999,999,benign
1000,1000,benign
1001,1001,malicious
1002,1002,malicious
1003,1003,benign
1004,1004,malicious
1005,1005,malicious
1006,1006,benign
1007,1007,malicious
1008,1008,benign
1009,1009,malicious
1010,1010,malicious
1011,1011,malicious
1012,1012,malicious
1013,1013,malicious
1014,1014,benign
1015,1015,malicious
1016,1016,benign
1017,1017,malicious
1018,1018,benign
1019,1019,malicious
1020,1020,benign
1021,1021,benign
1022,1022,malicious
1023,1023,benign
1024,1024,malicious
1025,1025,benign
1026,1026,benign
1027,1027,benign
1028,1028,benign
1029,1029,malicious
1030,1030,benign
1031,1031,malicious
1032,1032,benign
1033,1033,malicious
1034,1034,benign
1035,1035,malicious
1036,1036,malicious
1037,1037,benign
1038,1038,benign
1039,1039,benign
1040,1040,malicious
1041,1041,malicious
1042,1042,benign
1043,1043,benign
1044,1044,benign
1045,1045,benign
1046,1046,benign
1047,1047,malicious
1048,1048,benign
1049,1049,benign
1050,1050,malicious
1051,1051,malicious
1052,1052,malicious
1053,1053,benign
1054,1054,benign
1055,1055,benign
1056,1056,malicious
1057,1057,benign
1058,1058,malicious
1059,1059,malicious
1060,1060,benign
1061,1061,malicious
1062,1062,benign
1063,1063,malicious
1064,1064,benign
1065,1065,benign
1066,1066,benign
1067,1067,benign
1068,1068,benign
1069,1069,malicious
1070,1070,benign
1071,1071,malicious
1072,1072,benign
1073,1073,malicious
1074,1074,benign
1075,1075,malicious
1076,1076,malicious
1077,1077,benign
1078,1078,malicious
1079,1079,malicious
1080,1080,benign
1081,1081,malicious
1082,1082,malicious
1083,1083,malicious
1084,1084,malicious
1085,1085,benign
1086,1086,malicious
1087,1087,benign
1088,1088,benign
1089,1089,malicious
1090,1090,malicious
1091,1091,benign
1092,1092,malicious
1093,1093,malicious
1094,1094,malicious
1095,1095,malicious
1096,1096,malicious
1097,1097,benign
1098,1098,malicious
1099,1099,benign
1100,1100,benign
1101,1101,malicious
1102,1102,benign
1103,1103,malicious
1104,1104,benign
1105,1105,malicious
1106,1106,benign
1107,1107,malicious
1108,1108,malicious
1109,1109,benign
1110,1110,benign
1111,1111,malicious
1112,1112,malicious
1113,1113,benign
1114,1114,benign
1115,1115,benign
1116,1116,benign
1117,1117,benign
1118,1118,benign
1119,1119,benign
1120,1120,benign
1121,1121,benign
1122,1122,malicious
1123,1123,benign
1124,1124,malicious
1125,1125,malicious
1126,1126,benign
1127,1127,malicious
1128,1128,benign
1129,1129,malicious
1130,1130,malicious
1131,1131,malicious
1132,1132,malicious
1133,1133,benign
1134,1134,malicious
1135,1135,benign
1136,1136,benign
1137,1137,malicious
1138,1138,malicious
1139,1139,malicious
1140,1140,benign
1141,1141,benign
1142,1142,benign
1143,1143,benign
1144,1144,malicious
1145,1145,benign
1146,1146,malicious
1147,1147,malicious
1148,1148,malicious
1149,1149,benign
1150,1150,benign
1151,1151,malicious
1152,1152,malicious
1153,1153,benign
1154,1154,malicious
1155,1155,malicious
1156,1156,benign
1157,1157,malicious
1158,1158,malicious
1159,1159,benign
1160,1160,malicious
1161,1161,benign
1162,1162,benign
1163,1163,benign
1164,1164,malicious
1165,1165,malicious
1166,1166,malicious
1167,1167,malicious
1168,1168,malicious
1169,1169,benign
1170,1170,benign
1171,1171,benign
1172,1172,benign
1173,1173,benign
1174,1174,benign
1175,1175,malicious
1176,1176,benign
1177,1177,malicious
1178,1178,malicious
1179,1179,malicious
1180,1180,malicious
1181,1181,malicious
1182,1182,malicious
1183,1183,benign
1184,1184,benign
1185,1185,malicious
1186,1186,benign
1187,1187,benign
1188,1188,benign
1189,1189,malicious
1190,1190,benign
1191,1191,malicious
1192,1192,malicious
1193,1193,malicious
1194,1194,benign
1195,1195,malicious
1196,1196,benign
1197,1197,benign
1198,1198,malicious
1199,1199,malicious
1200,1200,malicious
1201,1201,benign
1202,1202,benign
1203,1203,malicious
1204,1204,malicious
1205,1205,benign
1206,1206,malicious
1207,1207,benign
1208,1208,benign
1209,1209,benign
1210,1210,malicious
1211,1211,malicious
1212,1212,benign
1213,1213,benign
1214,1214,malicious
1215,1215,malicious
1216,1216,benign
1217,1217,benign
1218,1218,benign
1219,1219,malicious
1220,1220,benign
1221,1221,benign
1222,1222,malicious
1223,1223,malicious
1224,1224,malicious
1225,1225,benign
1226,1226,benign
1227,1227,malicious
1228,1228,benign
1229,1229,malicious
1230,1230,benign
1231,1231,malicious
1232,1232,malicious
1233,1233,benign
1234,1234,malicious
1235,1235,malicious
1236,1236,malicious
1237,1237,malicious
1238,1238,benign
1239,1239,benign
1240,1240,benign
1241,1241,malicious
1242,1242,malicious
1243,1243,malicious
1244,1244,benign
1245,1245,malicious
1246,1246,benign
1247,1247,malicious
1248,1248,benign
1249,1249,malicious
1250,1250,malicious
1251,1251,malicious
1252,1252,benign
1253,1253,benign
1254,1254,benign
1255,1255,benign
1256,1256,malicious
1257,1257,malicious
1258,1258,malicious
1259,1259,benign
1260,1260,benign
1261,1261,benign
1262,1262,malicious
1263,1263,malicious
1264,1264,malicious
1265,1265,malicious
1266,1266,benign
1267,1267,malicious
1268,1268,benign
1269,1269,malicious
1270,1270,benign
1271,1271,benign
1272,1272,malicious
1273,1273,malicious
1274,1274,malicious
1275,1275,benign
1276,1276,benign
1277,1277,malicious
1278,1278,malicious
1279,1279,malicious
1280,1280,benign
1281,1281,benign
1282,1282,benign
1283,1283,malicious
1284,1284,malicious
1285,1285,benign
1286,1286,benign
1287,1287,benign
1288,1288,benign
1289,1289,malicious
1290,1290,malicious
1291,1291,malicious
1292,1292,benign
1293,1293,benign
1294,1294,malicious
1295,1295,benign
1296,1296,malicious
1297,1297,malicious
1298,1298,malicious
1299,1299,malicious
1300,1300,malicious
1301,1301,malicious
1302,1302,benign
1303,1303,benign
1304,1304,benign
1305,1305,malicious
1306,1306,benign
1307,1307,malicious
1308,1308,malicious
1309,1309,benign
1310,1310,malicious
1311,1311,benign
1312,1312,benign
1313,1313,malicious
1314,1314,malicious
1315,1315,benign
1316,1316,malicious
1317,1317,benign
1318,1318,malicious
1319,1319,malicious
1320,1320,benign
1321,1321,malicious
1322,1322,benign
1323,1323,malicious
1324,1324,malicious
1325,1325,malicious
1326,1326,malicious
1327,1327,malicious
1328,1328,malicious
1329,1329,malicious
1330,1330,malicious
1331,1331,benign
1332,1332,malicious
1333,1333,benign
1334,1334,benign
1335,1335,benign
1336,1336,benign
1337,1337,benign
1338,1338,malicious
1339,1339,benign
1340,1340,benign
1341,1341,malicious
1342,1342,malicious
1343,1343,malicious
1344,1344,malicious
1345,1345,malicious
1346,1346,benign
1347,1347,malicious
1348,1348,benign
1349,1349,malicious
1350,1350,benign
1351,1351,malicious
1352,1352,malicious
1353,1353,malicious
1354,1354,benign
1355,1355,benign
1356,1356,benign
1357,1357,benign
1358,1358,malicious
1359,1359,benign
1360,1360,malicious
1361,1361,benign
1362,1362,malicious
1363,1363,benign
1364,1364,malicious
1365,1365,benign
1366,1366,benign
1367,1367,malicious
1368,1368,malicious
1369,1369,benign
1370,1370,benign
1371,1371,benign
1372,1372,benign
1373,1373,benign
1374,1374,malicious
1375,1375,malicious
1376,1376,malicious
1377,1377,malicious
1378,1378,malicious
1379,1379,benign
1380,1380,malicious
1381,1381,benign
1382,1382,malicious
1383,1383,malicious
1384,1384,benign
1385,1385,malicious
1386,1386,malicious
1387,1387,malicious
1388,1388,benign
1389,1389,malicious
1390,1390,benign
1391,1391,malicious
1392,1392,malicious
1393,1393,malicious
1394,1394,benign
1395,1395,malicious
1396,1396,malicious
1397,1397,malicious
1398,1398,benign
1399,1399,malicious
1400,1400,benign
1401,1401,malicious
1402,1402,benign
1403,1403,malicious
1404,1404,benign
1405,1405,benign
1406,1406,benign
1407,1407,malicious
1408,1408,benign
1409,1409,benign
1410,1410,benign
1411,1411,malicious
1412,1412,malicious
1413,1413,benign
1414,1414,benign
1415,1415,benign
1416,1416,benign
1417,1417,malicious
1418,1418,benign
1419,1419,benign
1420,1420,benign
1421,1421,benign
1422,1422,benign
1423,1423,benign
1424,1424,benign
1425,1425,malicious
1426,1426,benign
1427,1427,malicious
1428,1428,malicious
1429,1429,malicious
1430,1430,malicious
1431,1431,benign
1432,1432,benign
1433,1433,malicious
1434,1434,benign
1435,1435,malicious
1436,1436,benign
1437,1437,benign
1438,1438,malicious
1439,1439,benign
1440,1440,malicious
1441,1441,malicious
1442,1442,malicious
1443,1443,malicious
1444,1444,benign
1445,1445,benign
1446,1446,malicious
1447,1447,benign
1448,1448,benign
1449,1449,malicious
1450,1450,benign
1451,1451,benign
1452,1452,benign
1453,1453,malicious
1454,1454,benign
1455,1455,malicious
1456,1456,benign
1457,1457,malicious
1458,1458,benign
1459,1459,malicious
1460,1460,malicious
1461,1461,benign
1462,1462,malicious
1463,1463,benign
1464,1464,malicious
1465,1465,benign
1466,1466,malicious
1467,1467,benign
1468,1468,benign
1469,1469,benign
1470,1470,benign
1471,1471,malicious
1472,1472,benign
1473,1473,benign
1474,1474,benign
1475,1475,benign
1476,1476,malicious
1477,1477,malicious
1478,1478,benign
1479,1479,benign
1480,1480,benign
1481,1481,benign
1482,1482,benign
1483,1483,benign
1484,1484,benign
1485,1485,benign
1486,1486,benign
1487,1487,benign
1488,1488,malicious
1489,1489,malicious
1490,1490,malicious
1491,1491,benign
1492,1492,benign
1493,1493,malicious
1494,1494,benign
1495,1495,malicious
1496,1496,malicious
1497,1497,benign
1498,1498,malicious
1499,1499,benign
1500,1500,malicious
1501,1501,benign
1502,1502,malicious
1503,1503,malicious
1504,1504,malicious
1505,1505,benign
1506,1506,benign
1507,1507,benign
1508,1508,malicious
1509,1509,malicious
1510,1510,malicious
1511,1511,benign
1512,1512,malicious
1513,1513,malicious
1514,1514,malicious
1515,1515,malicious
1516,1516,malicious
1517,1517,benign
1518,1518,malicious
1519,1519,malicious
1520,1520,malicious
1521,1521,benign
1522,1522,benign
1523,1523,benign
1524,1524,malicious
1525,1525,malicious
1526,1526,malicious
1527,1527,malicious
1528,1528,benign
1529,1529,malicious
1530,1530,benign
1531,1531,malicious
1532,1532,benign
1533,1533,benign
1534,1534,benign
1535,1535,malicious
1536,1536,malicious
1537,1537,benign
1538,1538,malicious
1539,1539,benign
1540,1540,benign
1541,1541,malicious
1542,1542,malicious
1543,1543,malicious
1544,1544,benign
1545,1545,benign
1546,1546,benign
1547,1547,benign
1548,1548,benign
1549,1549,malicious
1550,1550,benign
1551,1551,benign
1552,1552,benign
1553,1553,malicious
1554,1554,benign
1555,1555,malicious
1556,1556,malicious
1557,1557,malicious
1558,1558,benign
1559,1559,benign
1560,1560,malicious
1561,1561,malicious
1562,1562,benign
1563,1563,benign
1564,1564,benign
1565,1565,benign
1566,1566,malicious
1567,1567,benign
1568,1568,malicious
1569,1569,benign
1570,1570,benign
1571,1571,benign
1572,1572,benign
1573,1573,malicious
1574,1574,malicious
1575,1575,malicious
1576,1576,benign
1577,1577,benign
1578,1578,malicious
1579,1579,malicious
1580,1580,benign
1581,1581,benign
1582,1582,benign
1583,1583,malicious
1584,1584,benign
1585,1585,malicious
1586,1586,malicious
1587,1587,malicious
1588,1588,benign
1589,1589,malicious
1590,1590,benign
1591,1591,benign
1592,1592,benign
1593,1593,benign
1594,1594,malicious
1595,1595,malicious
1596,1596,benign
1597,1597,benign
1598,1598,malicious
1599,1599,malicious
1600,1600,benign
1601,1601,malicious
1602,1602,malicious
1603,1603,benign
1604,1604,benign
1605,1605,benign
1606,1606,benign
1607,1607,benign
1608,1608,malicious
1609,1609,benign
1610,1610,benign
1611,1611,benign
1612,1612,benign
1613,1613,benign
1614,1614,malicious
1615,1615,malicious
1616,1616,malicious
1617,1617,malicious
1618,1618,benign
1619,1619,benign
1620,1620,malicious
1621,1621,benign
1622,1622,benign
1623,1623,malicious
1624,1624,malicious
1625,1625,benign
1626,1626,malicious
1627,1627,malicious
1628,1628,malicious
1629,1629,malicious
1630,1630,benign
1631,1631,malicious
1632,1632,benign
1633,1633,benign
1634,1634,benign
1635,1635,benign
1636,1636,benign
1637,1637,malicious
1638,1638,malicious
1639,1639,benign
1640,1640,malicious
1641,1641,malicious
1642,1642,malicious
1643,1643,malicious
1644,1644,malicious
1645,1645,benign
1646,1646,malicious
1647,1647,malicious
1648,1648,malicious
1649,1649,malicious
1650,1650,malicious
1651,1651,malicious
1652,1652,malicious
1653,1653,benign
1654,1654,malicious
1655,1655,malicious
1656,1656,malicious
1657,1657,malicious
1658,1658,benign
1659,1659,malicious
1660,1660,benign
1661,1661,benign
1662,1662,benign
1663,1663,malicious
1664,1664,benign
1665,1665,malicious
1666,1666,benign
1667,1667,malicious
1668,1668,malicious
1669,1669,benign
1670,1670,malicious
1671,1671,benign
1672,1672,malicious
1673,1673,malicious
1674,1674,malicious
1675,1675,malicious
1676,1676,malicious
1677,1677,malicious
1678,1678,malicious
1679,1679,benign
1680,1680,malicious
1681,1681,malicious
1682,1682,malicious
1683,1683,malicious
1684,1684,benign
1685,1685,malicious
1686,1686,benign
1687,1687,malicious
1688,1688,malicious
1689,1689,benign
1690,1690,benign
1691,1691,benign
1692,1692,malicious
1693,1693,malicious
1694,1694,benign
1695,1695,benign
1696,1696,benign
1697,1697,malicious
1698,1698,malicious
1699,1699,benign
1700,1700,malicious
1701,1701,malicious
1702,1702,benign
1703,1703,malicious
1704,1704,benign
1705,1705,benign
1706,1706,malicious
1707,1707,malicious
1708,1708,malicious
1709,1709,malicious
1710,1710,benign
1711,1711,malicious
1712,1712,malicious
1713,1713,benign
1714,1714,malicious
1715,1715,malicious
1716,1716,malicious
1717,1717,benign
1718,1718,benign
1719,1719,malicious
1720,1720,benign
1721,1721,malicious
1722,1722,malicious
1723,1723,benign
1724,1724,malicious
1725,1725,benign
1726,1726,malicious
1727,1727,malicious
1728,1728,benign
1729,1729,benign
1730,1730,benign
1731,1731,malicious
1732,1732,malicious
1733,1733,benign
1734,1734,malicious
1735,1735,malicious
1736,1736,malicious
1737,1737,malicious
1738,1738,malicious
1739,1739,benign
1740,1740,benign
1741,1741,benign
1742,1742,benign
1743,1743,malicious
1744,1744,benign
1745,1745,benign
1746,1746,benign
1747,1747,benign
1748,1748,malicious
1749,1749,benign
1750,1750,malicious
1751,1751,benign
1752,1752,benign
1753,1753,benign
1754,1754,benign
1755,1755,benign
1756,1756,benign
1757,1757,benign
1758,1758,benign
1759,1759,malicious
1760,1760,malicious
1761,1761,benign
1762,1762,malicious
1763,1763,benign
1764,1764,benign
1765,1765,malicious
1766,1766,malicious
1767,1767,malicious
1768,1768,malicious
1769,1769,benign
1770,1770,malicious
1771,1771,malicious
1772,1772,benign
1773,1773,benign
1774,1774,malicious
1775,1775,benign
1776,1776,malicious
1777,1777,malicious
1778,1778,benign
1779,1779,benign
1780,1780,malicious
1781,1781,malicious
1782,1782,benign
1783,1783,benign
1784,1784,benign
1785,1785,malicious
1786,1786,malicious
1787,1787,malicious
1788,1788,benign
1789,1789,malicious
1790,1790,benign
1791,1791,malicious
1792,1792,benign
1793,1793,benign
1794,1794,malicious
1795,1795,benign
1796,1796,malicious
1797,1797,benign
1798,1798,benign
1799,1799,benign
1800,1800,benign
1801,1801,malicious
1802,1802,benign
1803,1803,malicious
1804,1804,malicious
1805,1805,malicious
1806,1806,malicious
1807,1807,malicious
1808,1808,benign
1809,1809,benign
1810,1810,malicious
1811,1811,benign
1812,1812,benign
1813,1813,benign
1814,1814,benign
1815,1815,benign
1816,1816,benign
1817,1817,benign
1818,1818,benign
1819,1819,benign
1820,1820,benign
1821,1821,benign
1822,1822,benign
1823,1823,benign
1824,1824,malicious
1825,1825,malicious
1826,1826,benign
1827,1827,malicious
1828,1828,malicious
1829,1829,malicious
1830,1830,malicious
1831,1831,benign
1832,1832,benign
1833,1833,malicious
1834,1834,malicious
1835,1835,malicious
1836,1836,benign
1837,1837,malicious
1838,1838,benign
1839,1839,malicious
1840,1840,benign
1841,1841,malicious
1842,1842,malicious
1843,1843,benign
1844,1844,malicious
1845,1845,malicious
1846,1846,benign
1847,1847,malicious
1848,1848,malicious
1849,1849,malicious
1850,1850,benign
1851,1851,benign
1852,1852,malicious
1853,1853,malicious
1854,1854,benign
1855,1855,malicious
1856,1856,malicious
1857,1857,benign
1858,1858,malicious
1859,1859,malicious
1860,1860,malicious
1861,1861,benign
1862,1862,benign
1863,1863,benign
1864,1864,benign
1865,1865,malicious
1866,1866,malicious
1867,1867,malicious
1868,1868,malicious
1869,1869,benign
1870,1870,benign
1871,1871,malicious
1872,1872,benign
1873,1873,malicious
1874,1874,malicious
1875,1875,benign
1876,1876,malicious
1877,1877,benign
1878,1878,malicious
1879,1879,benign
1880,1880,benign
1881,1881,malicious
1882,1882,malicious
1883,1883,benign
1884,1884,malicious
1885,1885,benign
1886,1886,malicious
1887,1887,benign
1888,1888,malicious
1889,1889,benign
1890,1890,benign
1891,1891,benign
1892,1892,malicious
1893,1893,benign
1894,1894,malicious
1895,1895,malicious
1896,1896,malicious
1897,1897,benign
1898,1898,malicious
1899,1899,malicious
1900,1900,benign
1901,1901,malicious
1902,1902,malicious
1903,1903,malicious
1904,1904,benign
1905,1905,malicious
1906,1906,benign
1907,1907,benign
1908,1908,benign
1909,1909,benign
1910,1910,benign
1911,1911,benign
1912,1912,benign
1913,1913,benign
1914,1914,benign
1915,1915,benign
1916,1916,malicious
1917,1917,benign
1918,1918,malicious
1919,1919,malicious
1920,1920,benign
1921,1921,benign
1922,1922,benign
1923,1923,benign
1924,1924,benign
1925,1925,malicious
1926,1926,benign
1927,1927,malicious
1928,1928,malicious
1929,1929,benign
1930,1930,benign
1931,1931,malicious
1932,1932,malicious
1933,1933,benign
1934,1934,benign
1935,1935,malicious
1936,1936,benign
1937,1937,malicious
1938,1938,benign
1939,1939,benign
1940,1940,benign
1941,1941,benign
1942,1942,malicious
1943,1943,malicious
1944,1944,benign
1945,1945,malicious
1946,1946,malicious
1947,1947,malicious
1948,1948,benign
1949,1949,benign
1950,1950,benign
1951,1951,malicious
1952,1952,benign
1953,1953,malicious
1954,1954,malicious
1955,1955,malicious
1956,1956,benign
1957,1957,benign
1958,1958,benign
1959,1959,malicious
1960,1960,malicious
1961,1961,benign
1962,1962,malicious
1963,1963,malicious
1964,1964,benign
1965,1965,malicious
1966,1966,benign
1967,1967,benign
1968,1968,malicious
1969,1969,benign
1970,1970,benign
1971,1971,benign
1972,1972,malicious
1973,1973,malicious
1974,1974,malicious
1975,1975,benign
1976,1976,benign
1977,1977,benign
1978,1978,malicious
1979,1979,malicious
1980,1980,benign
1981,1981,benign
1982,1982,malicious
1983,1983,malicious
1984,1984,malicious
1985,1985,malicious
1986,1986,malicious
1987,1987,benign
1988,1988,benign
1989,1989,malicious
1990,1990,benign
1991,1991,malicious
1992,1992,malicious
1993,1993,malicious
1994,1994,benign
1995,1995,malicious
1996,1996,malicious
1997,1997,benign
1998,1998,malicious
1999,1999,benign
2000,2000,malicious
2001,2001,benign
2002,2002,benign
2003,2003,benign
2004,2004,benign
2005,2005,benign
2006,2006,benign
2007,2007,malicious
2008,2008,benign
2009,2009,benign
2010,2010,malicious
2011,2011,benign
2012,2012,benign
2013,2013,malicious
2014,2014,malicious
2015,2015,malicious
2016,2016,benign
2017,2017,malicious
2018,2018,benign
2019,2019,malicious
2020,2020,malicious
2021,2021,malicious
2022,2022,malicious
2023,2023,benign
2024,2024,malicious
2025,2025,benign
2026,2026,benign
2027,2027,malicious
2028,2028,malicious
2029,2029,malicious
2030,2030,benign
2031,2031,benign
2032,2032,malicious
2033,2033,benign
2034,2034,malicious
2035,2035,benign
2036,2036,malicious
2037,2037,malicious
2038,2038,benign
2039,2039,benign
2040,2040,benign
2041,2041,malicious
2042,2042,malicious
2043,2043,malicious
2044,2044,benign
2045,2045,benign
2046,2046,benign
2047,2047,benign
2048,2048,benign
2049,2049,malicious
2050,2050,malicious
2051,2051,malicious
2052,2052,benign
2053,2053,malicious
2054,2054,malicious
2055,2055,benign
2056,2056,benign
2057,2057,benign
2058,2058,benign
2059,2059,malicious
2060,2060,benign
2061,2061,benign
2062,2062,benign
2063,2063,benign
2064,2064,benign
2065,2065,benign
2066,2066,benign
2067,2067,benign
2068,2068,malicious
2069,2069,benign
2070,2070,malicious
2071,2071,benign
2072,2072,malicious
2073,2073,benign
2074,2074,malicious
2075,2075,benign
2076,2076,malicious
2077,2077,malicious
2078,2078,benign
2079,2079,benign
2080,2080,benign
2081,2081,benign
2082,2082,malicious
2083,2083,malicious
2084,2084,benign
2085,2085,malicious
2086,2086,benign
2087,2087,benign
2088,2088,malicious
2089,2089,benign
2090,2090,benign
2091,2091,malicious
2092,2092,malicious
2093,2093,benign
2094,2094,malicious
2095,2095,benign
2096,2096,malicious
2097,2097,benign
2098,2098,benign
2099,2099,benign
2100,2100,malicious
2101,2101,malicious
2102,2102,benign
2103,2103,malicious
2104,2104,benign
2105,2105,benign
2106,2106,malicious
2107,2107,malicious
2108,2108,benign
2109,2109,benign
2110,2110,malicious
2111,2111,benign
2112,2112,benign
2113,2113,benign
2114,2114,malicious
2115,2115,malicious
2116,2116,benign
2117,2117,benign
2118,2118,malicious
2119,2119,malicious
2120,2120,malicious
2121,2121,malicious
2122,2122,malicious
2123,2123,benign
2124,2124,malicious
2125,2125,benign
2126,2126,benign
2127,2127,malicious
2128,2128,malicious
2129,2129,benign
2130,2130,malicious
2131,2131,benign
2132,2132,benign
2133,2133,malicious
2134,2134,benign
2135,2135,malicious
2136,2136,benign
2137,2137,benign
2138,2138,benign
2139,2139,malicious
2140,2140,malicious
2141,2141,benign
2142,2142,benign
2143,2143,benign
2144,2144,malicious
2145,2145,benign
2146,2146,benign
2147,2147,benign
2148,2148,benign
2149,2149,benign
2150,2150,benign
2151,2151,benign
2152,2152,malicious
2153,2153,benign
2154,2154,malicious
2155,2155,malicious
2156,2156,benign
2157,2157,malicious
2158,2158,malicious
2159,2159,malicious
2160,2160,benign
2161,2161,malicious
2162,2162,benign
2163,2163,malicious
2164,2164,malicious
2165,2165,benign
2166,2166,benign
2167,2167,benign
2168,2168,malicious
2169,2169,benign
2170,2170,malicious
2171,2171,benign
2172,2172,malicious
2173,2173,malicious
2174,2174,malicious
2175,2175,benign
2176,2176,benign
2177,2177,malicious
2178,2178,malicious
2179,2179,benign
2180,2180,malicious
2181,2181,malicious
2182,2182,malicious
2183,2183,malicious
2184,2184,benign
2185,2185,malicious
2186,2186,benign
2187,2187,malicious
2188,2188,malicious
2189,2189,benign
2190,2190,malicious
2191,2191,benign
2192,2192,benign
2193,2193,benign
2194,2194,malicious
2195,2195,malicious
2196,2196,malicious
2197,2197,benign
2198,2198,malicious
2199,2199,benign
2200,2200,malicious
2201,2201,benign
2202,2202,benign
2203,2203,malicious
2204,2204,benign
2205,2205,malicious
2206,2206,benign
2207,2207,benign
2208,2208,benign
2209,2209,benign
2210,2210,benign
2211,2211,benign
2212,2212,benign
2213,2213,malicious
2214,2214,malicious
2215,2215,malicious
2216,2216,benign
2217,2217,malicious
2218,2218,malicious
2219,2219,benign
2220,2220,malicious
2221,2221,benign
2222,2222,benign
2223,2223,malicious
2224,2224,malicious
2225,2225,malicious
2226,2226,benign
2227,2227,malicious
2228,2228,benign
2229,2229,benign
2230,2230,benign
2231,2231,benign
2232,2232,benign
2233,2233,malicious
2234,2234,malicious
2235,2235,benign
2236,2236,benign
2237,2237,malicious
2238,2238,benign
2239,2239,benign
2240,2240,malicious
2241,2241,benign
2242,2242,malicious
2243,2243,malicious
2244,2244,malicious
2245,2245,malicious
2246,2246,benign
2247,2247,benign
2248,2248,malicious
2249,2249,malicious
2250,2250,benign
2251,2251,benign
2252,2252,malicious
2253,2253,malicious
2254,2254,malicious
2255,2255,benign
2256,2256,malicious
2257,2257,malicious
2258,2258,benign
2259,2259,benign
2260,2260,benign
2261,2261,benign
2262,2262,benign
2263,2263,benign
2264,2264,malicious
2265,2265,benign
2266,2266,malicious
2267,2267,malicious
2268,2268,benign
2269,2269,benign
2270,2270,malicious
2271,2271,benign
2272,2272,benign
2273,2273,malicious
2274,2274,malicious
2275,2275,malicious
2276,2276,malicious
2277,2277,malicious
2278,2278,malicious
2279,2279,malicious
2280,2280,benign
2281,2281,benign
2282,2282,benign
2283,2283,malicious
2284,2284,benign
2285,2285,benign
2286,2286,benign
2287,2287,malicious
2288,2288,malicious
2289,2289,malicious
2290,2290,malicious
2291,2291,benign
2292,2292,malicious
2293,2293,malicious
2294,2294,benign
2295,2295,malicious
2296,2296,malicious
2297,2297,benign
2298,2298,malicious
2299,2299,benign
2300,2300,benign
2301,2301,malicious
2302,2302,malicious
2303,2303,benign
2304,2304,malicious
2305,2305,malicious
2306,2306,malicious
2307,2307,malicious
2308,2308,malicious
2309,2309,benign
2310,2310,malicious
2311,2311,benign
2312,2312,malicious
2313,2313,malicious
2314,2314,malicious
2315,2315,benign
2316,2316,benign
2317,2317,benign
2318,2318,malicious
2319,2319,malicious
2320,2320,malicious
2321,2321,benign
2322,2322,benign
2323,2323,malicious
2324,2324,malicious
2325,2325,benign
2326,2326,benign
2327,2327,benign
2328,2328,benign
2329,2329,benign
2330,2330,benign
2331,2331,benign
2332,2332,benign
2333,2333,malicious
2334,2334,malicious
2335,2335,malicious
2336,2336,benign
2337,2337,benign
2338,2338,benign
2339,2339,benign
2340,2340,malicious
2341,2341,benign
2342,2342,malicious
2343,2343,malicious
2344,2344,benign
2345,2345,malicious
2346,2346,benign
2347,2347,benign
2348,2348,malicious
2349,2349,malicious
2350,2350,malicious
2351,2351,benign
2352,2352,benign
2353,2353,malicious
2354,2354,benign
2355,2355,malicious
2356,2356,benign
2357,2357,malicious
2358,2358,malicious
2359,2359,malicious
2360,2360,malicious
2361,2361,malicious
2362,2362,malicious
2363,2363,benign
2364,2364,benign
2365,2365,malicious
2366,2366,malicious
2367,2367,benign
2368,2368,malicious
2369,2369,malicious
2370,2370,benign
2371,2371,malicious
2372,2372,benign
2373,2373,malicious
2374,2374,benign
2375,2375,malicious
2376,2376,malicious
2377,2377,malicious
2378,2378,malicious
2379,2379,benign
2380,2380,benign
2381,2381,benign
2382,2382,malicious
2383,2383,benign
2384,2384,malicious
2385,2385,malicious
2386,2386,benign
2387,2387,benign
2388,2388,malicious
2389,2389,malicious
2390,2390,malicious
2391,2391,benign
2392,2392,malicious
2393,2393,benign
2394,2394,benign
2395,2395,malicious
2396,2396,benign
2397,2397,benign
2398,2398,malicious
2399,2399,benign
2400,2400,malicious
2401,2401,benign
2402,2402,malicious
2403,2403,benign
2404,2404,benign
2405,2405,benign
2406,2406,malicious
2407,2407,benign
2408,2408,benign
2409,2409,benign
2410,2410,benign
2411,2411,benign
2412,2412,malicious
2413,2413,malicious
2414,2414,malicious
2415,2415,benign
2416,2416,malicious
2417,2417,malicious
2418,2418,benign
2419,2419,benign
2420,2420,benign
2421,2421,benign
2422,2422,malicious
2423,2423,benign
2424,2424,benign
2425,2425,malicious
2426,2426,malicious
2427,2427,benign
2428,2428,malicious
2429,2429,benign
2430,2430,benign
2431,2431,malicious
2432,2432,benign
2433,2433,malicious
2434,2434,malicious
2435,2435,benign
2436,2436,benign
2437,2437,malicious
2438,2438,benign
2439,2439,malicious
2440,2440,malicious
